id,name,locality,timezone,country,owner,provider,isMobile,isMonitor,instruments,sensors,coordinates,licenses,bounds,distance,datetimeFirst,datetimeLast,distance_km
797,City Railway Station - KSPCB,,Asia/Kolkata,"{'id': 9, 'code': 'IN', 'name': 'India'}","{'id': 4, 'name': 'Unknown Governmental Organization'}","{'id': 168, 'name': 'CPCB'}",False,True,"[{'id': 2, 'name': 'Government Monitor'}]","[{'id': 1384, 'name': 'co µg/m³', 'parameter': {'id': 4, 'name': 'co', 'units': 'µg/m³', 'displayName': 'CO mass'}}, {'id': 1383, 'name': 'no2 µg/m³', 'parameter': {'id': 5, 'name': 'no2', 'units': 'µg/m³', 'displayName': 'NO₂ mass'}}, {'id': 1382, 'name': 'pm10 µg/m³', 'parameter': {'id': 1, 'name': 'pm10', 'units': 'µg/m³', 'displayName': 'PM10'}}, {'id': 14096, 'name': 'so2 µg/m³', 'parameter': {'id': 6, 'name': 'so2', 'units': 'µg/m³', 'displayName': 'SO₂ mass'}}]","{'latitude': 12.9773472, 'longitude': 77.5706972222222}",,"[77.5706972222222, 12.9773472, 77.5706972222222, 12.9773472]",2662.2867021,"{'utc': '2016-03-21T14:00:00Z', 'local': '2016-03-21T19:30:00+05:30'}","{'utc': '2018-02-22T03:00:00Z', 'local': '2018-02-22T08:30:00+05:30'}",2.6665998092064265
5574,"City Railway Station, Bengaluru - KSPCB",,Asia/Kolkata,"{'id': 9, 'code': 'IN', 'name': 'India'}","{'id': 8528, 'name': 'Karnataka State Pollution Control Board'}","{'id': 168, 'name': 'CPCB'}",False,True,"[{'id': 2, 'name': 'Government Monitor'}, {'id': 2, 'name': 'Government Monitor'}]","[{'id': 14779, 'name': 'co µg/m³', 'parameter': {'id': 4, 'name': 'co', 'units': 'µg/m³', 'displayName': 'CO mass'}}, {'id': 12235374, 'name': 'co ppb', 'parameter': {'id': 102, 'name': 'co', 'units': 'ppb', 'displayName': 'CO'}}, {'id': 12235375, 'name': 'no ppb', 'parameter': {'id': 24, 'name': 'no', 'units': 'ppb', 'displayName': 'NO'}}, {'id': 12235376, 'name': 'no2 ppb', 'parameter': {'id': 15, 'name': 'no2', 'units': 'ppb', 'displayName': 'NO₂'}}, {'id': 14773, 'name': 'no2 µg/m³', 'parameter': {'id': 5, 'name': 'no2', 'units': 'µg/m³', 'displayName': 'NO₂ mass'}}, {'id': 14775, 'name': 'pm10 µg/m³', 'parameter': {'id': 1, 'name': 'pm10', 'units': 'µg/m³', 'displayName': 'PM10'}}, {'id': 12235377, 'name': 'pm10 µg/m³', 'parameter': {'id': 1, 'name': 'pm10', 'units': 'µg/m³', 'displayName': 'PM10'}}, {'id': 12235378, 'name': 'so2 ppb', 'parameter': {'id': 101, 'name': 'so2', 'units': 'ppb', 'displayName': 'SO₂'}}, {'id': 14732, 'name': 'so2 µg/m³', 'parameter': {'id': 6, 'name': 'so2', 'units': 'µg/m³', 'displayName': 'SO₂ mass'}}]","{'latitude': 12.9756843, 'longitude': 77.5660749}",,"[77.5660749, 12.9756843, 77.5660749, 12.9756843]",3118.56361282,"{'utc': '2018-03-09T03:30:00Z', 'local': '2018-03-09T09:00:00+05:30'}","{'utc': '2025-03-04T12:00:00Z', 'local': '2025-03-04T17:30:00+05:30'}",3.1240413316154836
6983,"Hombegowda Nagar, Bengaluru - KSPCB",,Asia/Kolkata,"{'id': 9, 'code': 'IN', 'name': 'India'}","{'id': 8528, 'name': 'Karnataka State Pollution Control Board'}","{'id': 168, 'name': 'CPCB'}",False,True,"[{'id': 2, 'name': 'Government Monitor'}, {'id': 2, 'name': 'Government Monitor'}]","[{'id': 12235253, 'name': 'co ppb', 'parameter': {'id': 102, 'name': 'co', 'units': 'ppb', 'displayName': 'CO'}}, {'id': 20195, 'name': 'co µg/m³', 'parameter': {'id': 4, 'name': 'co', 'units': 'µg/m³', 'displayName': 'CO mass'}}, {'id': 12235254, 'name': 'no ppb', 'parameter': {'id': 24, 'name': 'no', 'units': 'ppb', 'displayName': 'NO'}}, {'id': 20196, 'name': 'no2 µg/m³', 'parameter': {'id': 5, 'name': 'no2', 'units': 'µg/m³', 'displayName': 'NO₂ mass'}}, {'id': 12235255, 'name': 'no2 ppb', 'parameter': {'id': 15, 'name': 'no2', 'units': 'ppb', 'displayName': 'NO₂'}}, {'id': 12235256, 'name': 'o3 µg/m³', 'parameter': {'id': 3, 'name': 'o3', 'units': 'µg/m³', 'displayName': 'O₃ mass'}}, {'id': 20197, 'name': 'o3 µg/m³', 'parameter': {'id': 3, 'name': 'o3', 'units': 'µg/m³', 'displayName': 'O₃ mass'}}, {'id': 20198, 'name': 'pm10 µg/m³', 'parameter': {'id': 1, 'name': 'pm10', 'units': 'µg/m³', 'displayName': 'PM10'}}, {'id': 12235257, 'name': 'pm10 µg/m³', 'parameter': {'id': 1, 'name': 'pm10', 'units': 'µg/m³', 'displayName': 'PM10'}}, {'id': 20199, 'name': 'pm25 µg/m³', 'parameter': {'id': 2, 'name': 'pm25', 'units': 'µg/m³', 'displayName': 'PM2.5'}}, {'id': 12235258, 'name': 'pm25 µg/m³', 'parameter': {'id': 2, 'name': 'pm25', 'units': 'µg/m³', 'displayName': 'PM2.5'}}, {'id': 12235259, 'name': 'relativehumidity %', 'parameter': {'id': 98, 'name': 'relativehumidity', 'units': '%', 'displayName': 'RH'}}, {'id': 12235260, 'name': 'so2 ppb', 'parameter': {'id': 101, 'name': 'so2', 'units': 'ppb', 'displayName': 'SO₂'}}, {'id': 20200, 'name': 'so2 µg/m³', 'parameter': {'id': 6, 'name': 'so2', 'units': 'µg/m³', 'displayName': 'SO₂ mass'}}, {'id': 12235261, 'name': 'temperature c', 'parameter': {'id': 100, 'name': 'temperature', 'units': 'c', 'displayName': 'Temperature (C)'}}]","{'latitude': 12.938539, 'longitude': 77.5901}",,"[77.5901, 12.938539, 77.5901, 12.938539]",3677.59932335,"{'utc': '2018-08-10T06:00:00Z', 'local': '2018-08-10T11:30:00+05:30'}","{'utc': '2025-03-04T12:15:00Z', 'local': '2025-03-04T17:45:00+05:30'}",3.6893930580350793
229473,blore_India_07_14_official,,Asia/Kolkata,"{'id': 9, 'code': 'IN', 'name': 'India'}","{'id': 6, 'name': 'Unknown Community Organization'}","{'id': 200, 'name': 'HabitatMap'}",False,False,"[{'id': 5, 'name': 'HabitatMap Sensor'}]","[{'id': 1321837, 'name': 'pm25 µg/m³', 'parameter': {'id': 2, 'name': 'pm25', 'units': 'µg/m³', 'displayName': 'PM2.5'}}]","{'latitude': 13.003347077, 'longitude': 77.628012188}",,"[77.628012188, 13.003347077, 77.628012188, 13.003347077]",5062.80139299,,,5.050037760818904
6973,"Jayanagar 5th Block, Bengaluru - KSPCB",,Asia/Kolkata,"{'id': 9, 'code': 'IN', 'name': 'India'}","{'id': 8528, 'name': 'Karnataka State Pollution Control Board'}","{'id': 168, 'name': 'CPCB'}",False,True,"[{'id': 2, 'name': 'Government Monitor'}, {'id': 2, 'name': 'Government Monitor'}]","[{'id': 12235262, 'name': 'co ppb', 'parameter': {'id': 102, 'name': 'co', 'units': 'ppb', 'displayName': 'CO'}}, {'id': 20173, 'name': 'co µg/m³', 'parameter': {'id': 4, 'name': 'co', 'units': 'µg/m³', 'displayName': 'CO mass'}}, {'id': 12235263, 'name': 'no ppb', 'parameter': {'id': 24, 'name': 'no', 'units': 'ppb', 'displayName': 'NO'}}, {'id': 12235264, 'name': 'no2 ppb', 'parameter': {'id': 15, 'name': 'no2', 'units': 'ppb', 'displayName': 'NO₂'}}, {'id': 20175, 'name': 'no2 µg/m³', 'parameter': {'id': 5, 'name': 'no2', 'units': 'µg/m³', 'displayName': 'NO₂ mass'}}, {'id': 12235265, 'name': 'o3 µg/m³', 'parameter': {'id': 3, 'name': 'o3', 'units': 'µg/m³', 'displayName': 'O₃ mass'}}, {'id': 20155, 'name': 'o3 µg/m³', 'parameter': {'id': 3, 'name': 'o3', 'units': 'µg/m³', 'displayName': 'O₃ mass'}}, {'id': 20172, 'name': 'pm10 µg/m³', 'parameter': {'id': 1, 'name': 'pm10', 'units': 'µg/m³', 'displayName': 'PM10'}}, {'id': 12235266, 'name': 'pm10 µg/m³', 'parameter': {'id': 1, 'name': 'pm10', 'units': 'µg/m³', 'displayName': 'PM10'}}, {'id': 12235267, 'name': 'pm25 µg/m³', 'parameter': {'id': 2, 'name': 'pm25', 'units': 'µg/m³', 'displayName': 'PM2.5'}}, {'id': 20162, 'name': 'pm25 µg/m³', 'parameter': {'id': 2, 'name': 'pm25', 'units': 'µg/m³', 'displayName': 'PM2.5'}}, {'id': 12235268, 'name': 'relativehumidity %', 'parameter': {'id': 98, 'name': 'relativehumidity', 'units': '%', 'displayName': 'RH'}}, {'id': 12235269, 'name': 'so2 ppb', 'parameter': {'id': 101, 'name': 'so2', 'units': 'ppb', 'displayName': 'SO₂'}}, {'id': 20152, 'name': 'so2 µg/m³', 'parameter': {'id': 6, 'name': 'so2', 'units': 'µg/m³', 'displayName': 'SO₂ mass'}}, {'id': 12235270, 'name': 'temperature c', 'parameter': {'id': 100, 'name': 'temperature', 'units': 'c', 'displayName': 'Temperature (C)'}}]","{'latitude': 12.920984, 'longitude': 77.584908}",,"[77.584908, 12.920984, 77.584908, 12.920984]",5684.67976453,"{'utc': '2018-08-10T06:00:00Z', 'local': '2018-08-10T11:30:00+05:30'}","{'utc': '2025-03-04T12:15:00Z', 'local': '2025-03-04T17:45:00+05:30'}",5.696760414252159
2589,SaneguravaHalli - KSPCB,,Asia/Kolkata,"{'id': 9, 'code': 'IN', 'name': 'India'}","{'id': 4, 'name': 'Unknown Governmental Organization'}","{'id': 168, 'name': 'CPCB'}",False,True,"[{'id': 2, 'name': 'Government Monitor'}]","[{'id': 5350, 'name': 'co µg/m³', 'parameter': {'id': 4, 'name': 'co', 'units': 'µg/m³', 'displayName': 'CO mass'}}, {'id': 5349, 'name': 'no2 µg/m³', 'parameter': {'id': 5, 'name': 'no2', 'units': 'µg/m³', 'displayName': 'NO₂ mass'}}, {'id': 5348, 'name': 'pm10 µg/m³', 'parameter': {'id': 1, 'name': 'pm10', 'units': 'µg/m³', 'displayName': 'PM10'}}, {'id': 14129, 'name': 'so2 µg/m³', 'parameter': {'id': 6, 'name': 'so2', 'units': 'µg/m³', 'displayName': 'SO₂ mass'}}]","{'latitude': 12.9916694, 'longitude': 77.5458305555555}",,"[77.5458305555555, 12.9916694, 77.5458305555555, 12.9916694]",5732.38927418,"{'utc': '2016-03-21T18:30:00Z', 'local': '2016-03-22T00:00:00+05:30'}","{'utc': '2018-02-21T23:45:00Z', 'local': '2018-02-22T05:15:00+05:30'}",5.73473529517863
5644,"Sanegurava Halli, Bengaluru - KSPCB",,Asia/Kolkata,"{'id': 9, 'code': 'IN', 'name': 'India'}","{'id': 8528, 'name': 'Karnataka State Pollution Control Board'}","{'id': 168, 'name': 'CPCB'}",False,True,"[{'id': 2, 'name': 'Government Monitor'}, {'id': 2, 'name': 'Government Monitor'}]","[{'id': 12235379, 'name': 'co ppb', 'parameter': {'id': 102, 'name': 'co', 'units': 'ppb', 'displayName': 'CO'}}, {'id': 15039, 'name': 'co µg/m³', 'parameter': {'id': 4, 'name': 'co', 'units': 'µg/m³', 'displayName': 'CO mass'}}, {'id': 12235380, 'name': 'no ppb', 'parameter': {'id': 24, 'name': 'no', 'units': 'ppb', 'displayName': 'NO'}}, {'id': 12235381, 'name': 'no2 ppb', 'parameter': {'id': 15, 'name': 'no2', 'units': 'ppb', 'displayName': 'NO₂'}}, {'id': 15035, 'name': 'no2 µg/m³', 'parameter': {'id': 5, 'name': 'no2', 'units': 'µg/m³', 'displayName': 'NO₂ mass'}}, {'id': 15033, 'name': 'pm10 µg/m³', 'parameter': {'id': 1, 'name': 'pm10', 'units': 'µg/m³', 'displayName': 'PM10'}}, {'id': 12235382, 'name': 'pm10 µg/m³', 'parameter': {'id': 1, 'name': 'pm10', 'units': 'µg/m³', 'displayName': 'PM10'}}, {'id': 12235383, 'name': 'relativehumidity %', 'parameter': {'id': 98, 'name': 'relativehumidity', 'units': '%', 'displayName': 'RH'}}, {'id': 12235384, 'name': 'so2 ppb', 'parameter': {'id': 101, 'name': 'so2', 'units': 'ppb', 'displayName': 'SO₂'}}, {'id': 15032, 'name': 'so2 µg/m³', 'parameter': {'id': 6, 'name': 'so2', 'units': 'µg/m³', 'displayName': 'SO₂ mass'}}, {'id': 12235385, 'name': 'temperature c', 'parameter': {'id': 100, 'name': 'temperature', 'units': 'c', 'displayName': 'Temperature (C)'}}]","{'latitude': 12.990328, 'longitude': 77.5431385}",,"[77.5431385, 12.990328, 77.5431385, 12.990328]",5948.94323146,"{'utc': '2018-03-09T06:00:00Z', 'local': '2018-03-09T11:30:00+05:30'}","{'utc': '2025-03-04T12:15:00Z', 'local': '2025-03-04T17:45:00+05:30'}",5.951828311285489
6974,"Bapuji Nagar, Bengaluru - KSPCB",,Asia/Kolkata,"{'id': 9, 'code': 'IN', 'name': 'India'}","{'id': 8528, 'name': 'Karnataka State Pollution Control Board'}","{'id': 168, 'name': 'CPCB'}",False,True,"[{'id': 2, 'name': 'Government Monitor'}, {'id': 2, 'name': 'Government Monitor'}]","[{'id': 12235235, 'name': 'co ppb', 'parameter': {'id': 102, 'name': 'co', 'units': 'ppb', 'displayName': 'CO'}}, {'id': 20153, 'name': 'co µg/m³', 'parameter': {'id': 4, 'name': 'co', 'units': 'µg/m³', 'displayName': 'CO mass'}}, {'id': 12235236, 'name': 'no ppb', 'parameter': {'id': 24, 'name': 'no', 'units': 'ppb', 'displayName': 'NO'}}, {'id': 20169, 'name': 'no2 µg/m³', 'parameter': {'id': 5, 'name': 'no2', 'units': 'µg/m³', 'displayName': 'NO₂ mass'}}, {'id': 12235237, 'name': 'no2 ppb', 'parameter': {'id': 15, 'name': 'no2', 'units': 'ppb', 'displayName': 'NO₂'}}, {'id': 12235238, 'name': 'o3 µg/m³', 'parameter': {'id': 3, 'name': 'o3', 'units': 'µg/m³', 'displayName': 'O₃ mass'}}, {'id': 20167, 'name': 'o3 µg/m³', 'parameter': {'id': 3, 'name': 'o3', 'units': 'µg/m³', 'displayName': 'O₃ mass'}}, {'id': 20166, 'name': 'pm10 µg/m³', 'parameter': {'id': 1, 'name': 'pm10', 'units': 'µg/m³', 'displayName': 'PM10'}}, {'id': 12235239, 'name': 'pm10 µg/m³', 'parameter': {'id': 1, 'name': 'pm10', 'units': 'µg/m³', 'displayName': 'PM10'}}, {'id': 12235240, 'name': 'pm25 µg/m³', 'parameter': {'id': 2, 'name': 'pm25', 'units': 'µg/m³', 'displayName': 'PM2.5'}}, {'id': 20165, 'name': 'pm25 µg/m³', 'parameter': {'id': 2, 'name': 'pm25', 'units': 'µg/m³', 'displayName': 'PM2.5'}}, {'id': 12235241, 'name': 'relativehumidity %', 'parameter': {'id': 98, 'name': 'relativehumidity', 'units': '%', 'displayName': 'RH'}}, {'id': 12235242, 'name': 'so2 ppb', 'parameter': {'id': 101, 'name': 'so2', 'units': 'ppb', 'displayName': 'SO₂'}}, {'id': 20164, 'name': 'so2 µg/m³', 'parameter': {'id': 6, 'name': 'so2', 'units': 'µg/m³', 'displayName': 'SO₂ mass'}}, {'id': 12235243, 'name': 'temperature c', 'parameter': {'id': 100, 'name': 'temperature', 'units': 'c', 'displayName': 'Temperature (C)'}}]","{'latitude': 12.951913, 'longitude': 77.539784}",,"[77.539784, 12.951913, 77.539784, 12.951913]",6319.86063665,"{'utc': '2018-08-10T06:00:00Z', 'local': '2018-08-10T11:30:00+05:30'}","{'utc': '2025-03-04T12:15:00Z', 'local': '2025-03-04T17:45:00+05:30'}",6.33034666202927
5548,"BTM Layout, Bengaluru - CPCB",,Asia/Kolkata,"{'id': 9, 'code': 'IN', 'name': 'India'}","{'id': 8517, 'name': 'Central Pollution Control Board'}","{'id': 168, 'name': 'CPCB'}",False,True,"[{'id': 2, 'name': 'Government Monitor'}, {'id': 2, 'name': 'Government Monitor'}]","[{'id': 14657, 'name': 'co µg/m³', 'parameter': {'id': 4, 'name': 'co', 'units': 'µg/m³', 'displayName': 'CO mass'}}, {'id': 12235356, 'name': 'co ppb', 'parameter': {'id': 102, 'name': 'co', 'units': 'ppb', 'displayName': 'CO'}}, {'id': 12235357, 'name': 'no ppb', 'parameter': {'id': 24, 'name': 'no', 'units': 'ppb', 'displayName': 'NO'}}, {'id': 12235358, 'name': 'no2 ppb', 'parameter': {'id': 15, 'name': 'no2', 'units': 'ppb', 'displayName': 'NO₂'}}, {'id': 14639, 'name': 'no2 µg/m³', 'parameter': {'id': 5, 'name': 'no2', 'units': 'µg/m³', 'displayName': 'NO₂ mass'}}, {'id': 12235359, 'name': 'o3 µg/m³', 'parameter': {'id': 3, 'name': 'o3', 'units': 'µg/m³', 'displayName': 'O₃ mass'}}, {'id': 14658, 'name': 'o3 µg/m³', 'parameter': {'id': 3, 'name': 'o3', 'units': 'µg/m³', 'displayName': 'O₃ mass'}}, {'id': 1305377, 'name': 'pm10 µg/m³', 'parameter': {'id': 1, 'name': 'pm10', 'units': 'µg/m³', 'displayName': 'PM10'}}, {'id': 12235360, 'name': 'pm10 µg/m³', 'parameter': {'id': 1, 'name': 'pm10', 'units': 'µg/m³', 'displayName': 'PM10'}}, {'id': 12235361, 'name': 'pm25 µg/m³', 'parameter': {'id': 2, 'name': 'pm25', 'units': 'µg/m³', 'displayName': 'PM2.5'}}, {'id': 14635, 'name': 'pm25 µg/m³', 'parameter': {'id': 2, 'name': 'pm25', 'units': 'µg/m³', 'displayName': 'PM2.5'}}, {'id': 12235362, 'name': 'relativehumidity %', 'parameter': {'id': 98, 'name': 'relativehumidity', 'units': '%', 'displayName': 'RH'}}, {'id': 12235363, 'name': 'so2 ppb', 'parameter': {'id': 101, 'name': 'so2', 'units': 'ppb', 'displayName': 'SO₂'}}, {'id': 14642, 'name': 'so2 µg/m³', 'parameter': {'id': 6, 'name': 'so2', 'units': 'µg/m³', 'displayName': 'SO₂ mass'}}, {'id': 12235364, 'name': 'temperature c', 'parameter': {'id': 100, 'name': 'temperature', 'units': 'c', 'displayName': 'Temperature (C)'}}]","{'latitude': 12.9135218, 'longitude': 77.5950804}",,"[77.5950804, 12.9135218, 77.5950804, 12.9135218]",6414.43735447,"{'utc': '2018-03-09T06:00:00Z', 'local': '2018-03-09T11:30:00+05:30'}","{'utc': '2025-03-04T12:00:00Z', 'local': '2025-03-04T17:30:00+05:30'}",6.425323016921253
6984,"Hebbal, Bengaluru - KSPCB",,Asia/Kolkata,"{'id': 9, 'code': 'IN', 'name': 'India'}","{'id': 8528, 'name': 'Karnataka State Pollution Control Board'}","{'id': 168, 'name': 'CPCB'}",False,True,"[{'id': 2, 'name': 'Government Monitor'}, {'id': 2, 'name': 'Government Monitor'}]","[{'id': 20224, 'name': 'co µg/m³', 'parameter': {'id': 4, 'name': 'co', 'units': 'µg/m³', 'displayName': 'CO mass'}}, {'id': 12235244, 'name': 'co ppb', 'parameter': {'id': 102, 'name': 'co', 'units': 'ppb', 'displayName': 'CO'}}, {'id': 12235245, 'name': 'no ppb', 'parameter': {'id': 24, 'name': 'no', 'units': 'ppb', 'displayName': 'NO'}}, {'id': 12235246, 'name': 'no2 ppb', 'parameter': {'id': 15, 'name': 'no2', 'units': 'ppb', 'displayName': 'NO₂'}}, {'id': 20222, 'name': 'no2 µg/m³', 'parameter': {'id': 5, 'name': 'no2', 'units': 'µg/m³', 'displayName': 'NO₂ mass'}}, {'id': 20221, 'name': 'o3 µg/m³', 'parameter': {'id': 3, 'name': 'o3', 'units': 'µg/m³', 'displayName': 'O₃ mass'}}, {'id': 12235247, 'name': 'o3 µg/m³', 'parameter': {'id': 3, 'name': 'o3', 'units': 'µg/m³', 'displayName': 'O₃ mass'}}, {'id': 12235248, 'name': 'pm10 µg/m³', 'parameter': {'id': 1, 'name': 'pm10', 'units': 'µg/m³', 'displayName': 'PM10'}}, {'id': 20213, 'name': 'pm10 µg/m³', 'parameter': {'id': 1, 'name': 'pm10', 'units': 'µg/m³', 'displayName': 'PM10'}}, {'id': 12235249, 'name': 'pm25 µg/m³', 'parameter': {'id': 2, 'name': 'pm25', 'units': 'µg/m³', 'displayName': 'PM2.5'}}, {'id': 20212, 'name': 'pm25 µg/m³', 'parameter': {'id': 2, 'name': 'pm25', 'units': 'µg/m³', 'displayName': 'PM2.5'}}, {'id': 12235250, 'name': 'relativehumidity %', 'parameter': {'id': 98, 'name': 'relativehumidity', 'units': '%', 'displayName': 'RH'}}, {'id': 12235251, 'name': 'so2 ppb', 'parameter': {'id': 101, 'name': 'so2', 'units': 'ppb', 'displayName': 'SO₂'}}, {'id': 20210, 'name': 'so2 µg/m³', 'parameter': {'id': 6, 'name': 'so2', 'units': 'µg/m³', 'displayName': 'SO₂ mass'}}, {'id': 12235252, 'name': 'temperature c', 'parameter': {'id': 100, 'name': 'temperature', 'units': 'c', 'displayName': 'Temperature (C)'}}]","{'latitude': 13.029152, 'longitude': 77.585901}",,"[77.585901, 13.029152, 77.585901, 13.029152]",6445.92815041,"{'utc': '2018-08-10T06:00:00Z', 'local': '2018-08-10T11:30:00+05:30'}","{'utc': '2025-03-04T12:15:00Z', 'local': '2025-03-04T17:45:00+05:30'}",6.436133066789521
594,"BTM Layout, Bengaluru - KSPCB",,Asia/Kolkata,"{'id': 9, 'code': 'IN', 'name': 'India'}","{'id': 4, 'name': 'Unknown Governmental Organization'}","{'id': 168, 'name': 'CPCB'}",False,True,"[{'id': 2, 'name': 'Government Monitor'}]","[{'id': 1048, 'name': 'co µg/m³', 'parameter': {'id': 4, 'name': 'co', 'units': 'µg/m³', 'displayName': 'CO mass'}}, {'id': 1427, 'name': 'no2 µg/m³', 'parameter': {'id': 5, 'name': 'no2', 'units': 'µg/m³', 'displayName': 'NO₂ mass'}}, {'id': 4886, 'name': 'o3 µg/m³', 'parameter': {'id': 3, 'name': 'o3', 'units': 'µg/m³', 'displayName': 'O₃ mass'}}, {'id': 13836, 'name': 'pm25 µg/m³', 'parameter': {'id': 2, 'name': 'pm25', 'units': 'µg/m³', 'displayName': 'PM2.5'}}, {'id': 13837, 'name': 'so2 µg/m³', 'parameter': {'id': 6, 'name': 'so2', 'units': 'µg/m³', 'displayName': 'SO₂ mass'}}]","{'latitude': 12.912811110000002, 'longitude': 77.60921944}",,"[77.60921944, 12.912811110000002, 77.60921944, 12.912811110000002]",6686.3206376,"{'utc': '2016-03-22T01:00:00Z', 'local': '2016-03-22T06:30:00+05:30'}","{'utc': '2018-02-22T03:00:00Z', 'local': '2018-02-22T08:30:00+05:30'}",6.695251977496342
6975,"Silk Board, Bengaluru - KSPCB",,Asia/Kolkata,"{'id': 9, 'code': 'IN', 'name': 'India'}","{'id': 8528, 'name': 'Karnataka State Pollution Control Board'}","{'id': 168, 'name': 'CPCB'}",False,True,"[{'id': 2, 'name': 'Government Monitor'}, {'id': 2, 'name': 'Government Monitor'}]","[{'id': 12235280, 'name': 'co ppb', 'parameter': {'id': 102, 'name': 'co', 'units': 'ppb', 'displayName': 'CO'}}, {'id': 20171, 'name': 'co µg/m³', 'parameter': {'id': 4, 'name': 'co', 'units': 'µg/m³', 'displayName': 'CO mass'}}, {'id': 12235281, 'name': 'no ppb', 'parameter': {'id': 24, 'name': 'no', 'units': 'ppb', 'displayName': 'NO'}}, {'id': 12235282, 'name': 'no2 ppb', 'parameter': {'id': 15, 'name': 'no2', 'units': 'ppb', 'displayName': 'NO₂'}}, {'id': 20154, 'name': 'no2 µg/m³', 'parameter': {'id': 5, 'name': 'no2', 'units': 'µg/m³', 'displayName': 'NO₂ mass'}}, {'id': 20168, 'name': 'o3 µg/m³', 'parameter': {'id': 3, 'name': 'o3', 'units': 'µg/m³', 'displayName': 'O₃ mass'}}, {'id': 12235283, 'name': 'o3 µg/m³', 'parameter': {'id': 3, 'name': 'o3', 'units': 'µg/m³', 'displayName': 'O₃ mass'}}, {'id': 12235284, 'name': 'pm10 µg/m³', 'parameter': {'id': 1, 'name': 'pm10', 'units': 'µg/m³', 'displayName': 'PM10'}}, {'id': 20161, 'name': 'pm10 µg/m³', 'parameter': {'id': 1, 'name': 'pm10', 'units': 'µg/m³', 'displayName': 'PM10'}}, {'id': 12235285, 'name': 'pm25 µg/m³', 'parameter': {'id': 2, 'name': 'pm25', 'units': 'µg/m³', 'displayName': 'PM2.5'}}, {'id': 20156, 'name': 'pm25 µg/m³', 'parameter': {'id': 2, 'name': 'pm25', 'units': 'µg/m³', 'displayName': 'PM2.5'}}, {'id': 12235286, 'name': 'relativehumidity %', 'parameter': {'id': 98, 'name': 'relativehumidity', 'units': '%', 'displayName': 'RH'}}, {'id': 12235287, 'name': 'so2 ppb', 'parameter': {'id': 101, 'name': 'so2', 'units': 'ppb', 'displayName': 'SO₂'}}, {'id': 20176, 'name': 'so2 µg/m³', 'parameter': {'id': 6, 'name': 'so2', 'units': 'µg/m³', 'displayName': 'SO₂ mass'}}, {'id': 12235288, 'name': 'temperature c', 'parameter': {'id': 100, 'name': 'temperature', 'units': 'c', 'displayName': 'Temperature (C)'}}]","{'latitude': 12.917348, 'longitude': 77.622813}",,"[77.622813, 12.917348, 77.622813, 12.917348]",6732.65190451,"{'utc': '2018-08-10T06:00:00Z', 'local': '2018-08-10T11:30:00+05:30'}","{'utc': '2025-03-04T12:15:00Z', 'local': '2025-03-04T17:45:00+05:30'}",6.739138922707467
3409388,"Kasturi Nagar, Bengaluru - KSPCB",,Asia/Kolkata,"{'id': 9, 'code': 'IN', 'name': 'India'}","{'id': 8528, 'name': 'Karnataka State Pollution Control Board'}","{'id': 168, 'name': 'CPCB'}",False,True,"[{'id': 2, 'name': 'Government Monitor'}, {'id': 2, 'name': 'Government Monitor'}]","[{'id': 12237595, 'name': 'co ppb', 'parameter': {'id': 102, 'name': 'co', 'units': 'ppb', 'displayName': 'CO'}}, {'id': 12237596, 'name': 'no ppb', 'parameter': {'id': 24, 'name': 'no', 'units': 'ppb', 'displayName': 'NO'}}, {'id': 12237597, 'name': 'no2 ppb', 'parameter': {'id': 15, 'name': 'no2', 'units': 'ppb', 'displayName': 'NO₂'}}, {'id': 12237598, 'name': 'o3 µg/m³', 'parameter': {'id': 3, 'name': 'o3', 'units': 'µg/m³', 'displayName': 'O₃ mass'}}, {'id': 12237599, 'name': 'pm10 µg/m³', 'parameter': {'id': 1, 'name': 'pm10', 'units': 'µg/m³', 'displayName': 'PM10'}}, {'id': 12237600, 'name': 'pm25 µg/m³', 'parameter': {'id': 2, 'name': 'pm25', 'units': 'µg/m³', 'displayName': 'PM2.5'}}, {'id': 12237601, 'name': 'relativehumidity %', 'parameter': {'id': 98, 'name': 'relativehumidity', 'units': '%', 'displayName': 'RH'}}, {'id': 12237602, 'name': 'so2 ppb', 'parameter': {'id': 101, 'name': 'so2', 'units': 'ppb', 'displayName': 'SO₂'}}, {'id': 12237603, 'name': 'temperature c', 'parameter': {'id': 100, 'name': 'temperature', 'units': 'c', 'displayName': 'Temperature (C)'}}]","{'latitude': 13.003872, 'longitude': 77.664217}",,"[77.664217, 13.003872, 77.664217, 13.003872]",8368.63256719,"{'utc': '2025-02-18T20:15:00Z', 'local': '2025-02-19T01:45:00+05:30'}","{'utc': '2025-03-04T12:15:00Z', 'local': '2025-03-04T17:45:00+05:30'}",8.357475420855488
5547,"BWSSB Kadabesanahalli, Bengaluru - CPCB",,Asia/Kolkata,"{'id': 9, 'code': 'IN', 'name': 'India'}","{'id': 4, 'name': 'Unknown Governmental Organization'}","{'id': 163, 'name': 'caaqm'}",False,True,"[{'id': 2, 'name': 'Government Monitor'}]","[{'id': 14637, 'name': 'co µg/m³', 'parameter': {'id': 4, 'name': 'co', 'units': 'µg/m³', 'displayName': 'CO mass'}}, {'id': 14636, 'name': 'no2 µg/m³', 'parameter': {'id': 5, 'name': 'no2', 'units': 'µg/m³', 'displayName': 'NO₂ mass'}}, {'id': 14640, 'name': 'o3 µg/m³', 'parameter': {'id': 3, 'name': 'o3', 'units': 'µg/m³', 'displayName': 'O₃ mass'}}, {'id': 1303004, 'name': 'pm10 µg/m³', 'parameter': {'id': 1, 'name': 'pm10', 'units': 'µg/m³', 'displayName': 'PM10'}}, {'id': 14641, 'name': 'pm25 µg/m³', 'parameter': {'id': 2, 'name': 'pm25', 'units': 'µg/m³', 'displayName': 'PM2.5'}}, {'id': 14634, 'name': 'so2 µg/m³', 'parameter': {'id': 6, 'name': 'so2', 'units': 'µg/m³', 'displayName': 'SO₂ mass'}}]","{'latitude': 12.9352049, 'longitude': 77.6814488}",,"[77.6814488, 12.9352049, 77.6814488, 12.9352049]",10253.30967547,"{'utc': '2018-03-09T05:30:00Z', 'local': '2018-03-09T11:00:00+05:30'}","{'utc': '2022-08-02T05:15:00Z', 'local': '2022-08-02T10:45:00+05:30'}",10.251015804656554
2498781,SiriJaya,,Asia/Kolkata,"{'id': 9, 'code': 'IN', 'name': 'India'}","{'id': 12, 'name': 'AirGradient'}","{'id': 66, 'name': 'AirGradient'}",False,False,"[{'id': 7, 'name': 'AirGradient Sensor'}, {'id': 7, 'name': 'AirGradient Sensor'}]","[{'id': 7979312, 'name': 'pm1 µg/m³', 'parameter': {'id': 19, 'name': 'pm1', 'units': 'µg/m³', 'displayName': 'PM1'}}, {'id': 7970796, 'name': 'pm1 µg/m³', 'parameter': {'id': 19, 'name': 'pm1', 'units': 'µg/m³', 'displayName': 'PM1'}}, {'id': 7971081, 'name': 'pm10 µg/m³', 'parameter': {'id': 1, 'name': 'pm10', 'units': 'µg/m³', 'displayName': 'PM10'}}, {'id': 7979259, 'name': 'pm10 µg/m³', 'parameter': {'id': 1, 'name': 'pm10', 'units': 'µg/m³', 'displayName': 'PM10'}}, {'id': 7951363, 'name': 'pm25 µg/m³', 'parameter': {'id': 2, 'name': 'pm25', 'units': 'µg/m³', 'displayName': 'PM2.5'}}, {'id': 7972171, 'name': 'relativehumidity %', 'parameter': {'id': 98, 'name': 'relativehumidity', 'units': '%', 'displayName': 'RH'}}, {'id': 7951362, 'name': 'temperature c', 'parameter': {'id': 100, 'name': 'temperature', 'units': 'c', 'displayName': 'Temperature (C)'}}, {'id': 7972174, 'name': 'um003 particles/cm³', 'parameter': {'id': 125, 'name': 'um003', 'units': 'particles/cm³', 'displayName': 'PM0.3 count'}}]","{'latitude': 12.909153635368195, 'longitude': 77.52476183092863}","[{'id': 41, 'name': 'CC BY 4.0', 'attribution': {'name': 'AirGradient', 'url': None}, 'dateFrom': '2023-07-15', 'dateTo': None}]","[77.52476183092863, 12.909153635368195, 77.52476183092863, 12.909153635368195]",10239.05820129,"{'utc': '2024-03-01T17:00:00Z', 'local': '2024-03-01T22:30:00+05:30'}","{'utc': '2025-03-04T13:00:00Z', 'local': '2025-03-04T18:30:00+05:30'}",10.251728485543968
3409393,"Shivapura_Peenya, Bengaluru - KSPCB",,Asia/Kolkata,"{'id': 9, 'code': 'IN', 'name': 'India'}","{'id': 8528, 'name': 'Karnataka State Pollution Control Board'}","{'id': 168, 'name': 'CPCB'}",False,True,"[{'id': 2, 'name': 'Government Monitor'}, {'id': 2, 'name': 'Government Monitor'}]","[{'id': 12237640, 'name': 'co ppb', 'parameter': {'id': 102, 'name': 'co', 'units': 'ppb', 'displayName': 'CO'}}, {'id': 12237641, 'name': 'no ppb', 'parameter': {'id': 24, 'name': 'no', 'units': 'ppb', 'displayName': 'NO'}}, {'id': 12237642, 'name': 'no2 ppb', 'parameter': {'id': 15, 'name': 'no2', 'units': 'ppb', 'displayName': 'NO₂'}}, {'id': 12237643, 'name': 'o3 µg/m³', 'parameter': {'id': 3, 'name': 'o3', 'units': 'µg/m³', 'displayName': 'O₃ mass'}}, {'id': 12237644, 'name': 'pm10 µg/m³', 'parameter': {'id': 1, 'name': 'pm10', 'units': 'µg/m³', 'displayName': 'PM10'}}, {'id': 12237645, 'name': 'pm25 µg/m³', 'parameter': {'id': 2, 'name': 'pm25', 'units': 'µg/m³', 'displayName': 'PM2.5'}}, {'id': 12237646, 'name': 'relativehumidity %', 'parameter': {'id': 98, 'name': 'relativehumidity', 'units': '%', 'displayName': 'RH'}}, {'id': 12237647, 'name': 'so2 ppb', 'parameter': {'id': 101, 'name': 'so2', 'units': 'ppb', 'displayName': 'SO₂'}}, {'id': 12237648, 'name': 'temperature c', 'parameter': {'id': 100, 'name': 'temperature', 'units': 'c', 'displayName': 'Temperature (C)'}}]","{'latitude': 13.0246342, 'longitude': 77.5080115}",,"[77.5080115, 13.0246342, 77.5080115, 13.0246342]",11072.03992992,"{'utc': '2025-02-18T20:15:00Z', 'local': '2025-02-19T01:45:00+05:30'}","{'utc': '2025-03-04T12:15:00Z', 'local': '2025-03-04T17:45:00+05:30'}",11.072298967413673
412,"Peenya, Bengaluru - KSPCB",,Asia/Kolkata,"{'id': 9, 'code': 'IN', 'name': 'India'}","{'id': 4, 'name': 'Unknown Governmental Organization'}","{'id': 168, 'name': 'CPCB'}",False,True,"[{'id': 2, 'name': 'Government Monitor'}]","[{'id': 722, 'name': 'co µg/m³', 'parameter': {'id': 4, 'name': 'co', 'units': 'µg/m³', 'displayName': 'CO mass'}}, {'id': 1518, 'name': 'no2 µg/m³', 'parameter': {'id': 5, 'name': 'no2', 'units': 'µg/m³', 'displayName': 'NO₂ mass'}}, {'id': 13852, 'name': 'pm25 µg/m³', 'parameter': {'id': 2, 'name': 'pm25', 'units': 'µg/m³', 'displayName': 'PM2.5'}}, {'id': 13853, 'name': 'so2 µg/m³', 'parameter': {'id': 6, 'name': 'so2', 'units': 'µg/m³', 'displayName': 'SO₂ mass'}}]","{'latitude': 13.0339, 'longitude': 77.51321111}",,"[77.51321111, 13.0339, 77.51321111, 13.0339]",11199.20823922,"{'utc': '2016-03-22T03:15:00Z', 'local': '2016-03-22T08:45:00+05:30'}","{'utc': '2018-02-22T02:45:00Z', 'local': '2018-02-22T08:15:00+05:30'}",11.198101126589767
3409385,"RVCE-Mailasandra, Bengaluru - KSPCB",,Asia/Kolkata,"{'id': 9, 'code': 'IN', 'name': 'India'}","{'id': 8528, 'name': 'Karnataka State Pollution Control Board'}","{'id': 168, 'name': 'CPCB'}",False,True,"[{'id': 2, 'name': 'Government Monitor'}, {'id': 2, 'name': 'Government Monitor'}]","[{'id': 12237568, 'name': 'co ppb', 'parameter': {'id': 102, 'name': 'co', 'units': 'ppb', 'displayName': 'CO'}}, {'id': 12237569, 'name': 'no ppb', 'parameter': {'id': 24, 'name': 'no', 'units': 'ppb', 'displayName': 'NO'}}, {'id': 12237570, 'name': 'no2 ppb', 'parameter': {'id': 15, 'name': 'no2', 'units': 'ppb', 'displayName': 'NO₂'}}, {'id': 12237571, 'name': 'o3 µg/m³', 'parameter': {'id': 3, 'name': 'o3', 'units': 'µg/m³', 'displayName': 'O₃ mass'}}, {'id': 12237572, 'name': 'pm10 µg/m³', 'parameter': {'id': 1, 'name': 'pm10', 'units': 'µg/m³', 'displayName': 'PM10'}}, {'id': 12237573, 'name': 'pm25 µg/m³', 'parameter': {'id': 2, 'name': 'pm25', 'units': 'µg/m³', 'displayName': 'PM2.5'}}, {'id': 12237574, 'name': 'relativehumidity %', 'parameter': {'id': 98, 'name': 'relativehumidity', 'units': '%', 'displayName': 'RH'}}, {'id': 12237575, 'name': 'so2 ppb', 'parameter': {'id': 101, 'name': 'so2', 'units': 'ppb', 'displayName': 'SO₂'}}, {'id': 12237576, 'name': 'temperature c', 'parameter': {'id': 100, 'name': 'temperature', 'units': 'c', 'displayName': 'Temperature (C)'}}]","{'latitude': 12.921418, 'longitude': 77.502466}",,"[77.502466, 12.921418, 77.502466, 12.921418]",11420.44516514,"{'utc': '2025-02-18T20:15:00Z', 'local': '2025-02-19T01:45:00+05:30'}","{'utc': '2025-03-04T12:15:00Z', 'local': '2025-03-04T17:45:00+05:30'}",11.432020848079834
2592,"BWSSB Kadabesanahalli, Bengaluru - KSPCB",,Asia/Kolkata,"{'id': 9, 'code': 'IN', 'name': 'India'}","{'id': 4, 'name': 'Unknown Governmental Organization'}","{'id': 168, 'name': 'CPCB'}",False,True,"[{'id': 2, 'name': 'Government Monitor'}]","[{'id': 5381, 'name': 'co µg/m³', 'parameter': {'id': 4, 'name': 'co', 'units': 'µg/m³', 'displayName': 'CO mass'}}, {'id': 5380, 'name': 'no2 µg/m³', 'parameter': {'id': 5, 'name': 'no2', 'units': 'µg/m³', 'displayName': 'NO₂ mass'}}, {'id': 5375, 'name': 'o3 µg/m³', 'parameter': {'id': 3, 'name': 'o3', 'units': 'µg/m³', 'displayName': 'O₃ mass'}}, {'id': 13898, 'name': 'pm25 µg/m³', 'parameter': {'id': 2, 'name': 'pm25', 'units': 'µg/m³', 'displayName': 'PM2.5'}}, {'id': 13888, 'name': 'so2 µg/m³', 'parameter': {'id': 6, 'name': 'so2', 'units': 'µg/m³', 'displayName': 'SO₂ mass'}}]","{'latitude': 12.93890556, 'longitude': 77.69727222}",,"[77.69727222, 12.93890556, 77.69727222, 12.93890556]",11719.74005271,"{'utc': '2016-03-22T01:00:00Z', 'local': '2016-03-22T06:30:00+05:30'}","{'utc': '2018-02-22T03:00:00Z', 'local': '2018-02-22T08:30:00+05:30'}",11.71630070750534
